{"densities": [0.0, 0.0011019526601137215, 0.002203905320227443, 0.003305857980341164, 0.004407810640454886, 0.005509763300568607, 0.006611715960682328, 0.00771366862079605, 0.008815621280909772, 0.009917573941023492, 0.011019526601137215, 0.012121479261250935, 0.013223431921364655, 0.01432538458147838, 0.0154273372415921, 0.016529289901705824, 0.017631242561819544, 0.018733195221933265, 0.019835147882046985, 0.02093710054216071, 0.02203905320227443, 0.02314100586238815, 0.02424295852250187, 0.025344911182615594, 0.02644686384272931, 0.027548816502843035, 0.02865076916295676, 0.02975272182307048, 0.0308546744831842, 0.031956627143297923, 0.03305857980341165, 0.034160532463525364, 0.03526248512363909, 0.03599712023038157, 0.03599712023038157, 0.03599712023038157, 0.03599712023038157, 0.03599712023038157, 0.03599712023038157, 0.03599712023038157, 0.03599712023038157, 0.03599712023038157, 0.03599712023038157, 0.03599712023038157, 0.03599712023038157, 0.03599712023038157, 0.03599712023038157, 0.03599712023038157, 0.03599712023038157, 0.03599712023038157], "flows": [0.0, 0.015306122448979593, 0.030612244897959186, 0.04591836734693877, 0.06122448979591837, 0.07653061224489796, 0.09183673469387754, 0.10714285714285714, 0.12244897959183675, 0.1377551020408163, 0.15306122448979592, 0.1683673469387755, 0.18367346938775508, 0.1989795918367347, 0.21428571428571427, 0.2295918367346939, 0.2448979591836735, 0.2602040816326531, 0.2755102040816326, 0.29081632653061223, 0.30612244897959184, 0.3214285714285714, 0.336734693877551, 0.3520408163265306, 0.36734693877551017, 0.3826530612244898, 0.3979591836734694, 0.413265306122449, 0.42857142857142855, 0.44387755102040816, 0.4591836734693878, 0.4744897959183673, 0.489795918367347, 0.5, 0.5, 0.5, 0.5, 0.5, 0.5, 0.5, 0.5, 0.5, 0.5, 0.5, 0.5, 0.5, 0.5, 0.5, 0.5, 0.5], "k_theory": [0.0, 0.0007537688442211055, 0.001507537688442211, 0.0022613065326633165, 0.003015075376884422, 0.0037688442211055275, 0.004522613065326633, 0.0052763819095477385, 0.006030150753768844, 0.0067839195979899495, 0.007537688442211055, 0.008291457286432161, 0.009045226130653266, 0.00979899497487437, 0.010552763819095477, 0.011306532663316583, 0.012060301507537688, 0.012814070351758793, 0.013567839195979899, 0.014321608040201005, 0.01507537688442211, 0.015829145728643215, 0.016582914572864323, 0.017336683417085427, 0.018090452261306532, 0.018844221105527637, 0.01959798994974874, 0.02035175879396985, 0.021105527638190954, 0.02185929648241206, 0.022613065326633167, 0.02336683417085427, 0.024120603015075376, 0.02487437185929648, 0.025628140703517585, 0.026381909547738693, 0.027135678391959798, 0.027889447236180902, 0.02864321608040201, 0.029396984924623115, 0.03015075376884422, 0.030904522613065324, 0.03165829145728643, 0.032412060301507534, 0.033165829145728645, 0.03391959798994975, 0.034673366834170855, 0.03542713567839196, 0.036180904522613064, 0.03693467336683417, 0.03768844221105527, 0.03844221105527638, 0.03919597989949748, 0.039949748743718594, 0.0407035175879397, 0.0414572864321608, 0.04221105527638191, 0.04296482412060301, 0.04371859296482412, 0.04447236180904522, 0.04522613065326633, 0.04597989949748744, 0.04673366834170854, 0.04748743718592965, 0.04824120603015075, 0.048994974874371856, 0.04974874371859296, 0.050502512562814066, 0.05125628140703517, 0.05201005025125628, 0.052763819095477386, 0.05351758793969849, 0.054271356783919596, 0.0550251256281407, 0.055778894472361805, 0.05653266331658291, 0.05728643216080402, 0.058040201005025126, 0.05879396984924623, 0.059547738693467335, 0.06030150753768844, 0.061055276381909544, 0.06180904522613065, 0.06256281407035176, 0.06331658291457286, 0.06407035175879397, 0.06482412060301507, 0.06557788944723618, 0.06633165829145729, 0.06708542713567839, 0.0678391959798995, 0.0685929648241206, 0.06934673366834171, 0.0701005025125628, 0.07085427135678392, 0.07160804020100502, 0.07236180904522613, 0.07311557788944724, 0.07386934673366834, 0.07462311557788945, 0.07537688442211055, 0.07613065326633166, 0.07688442211055276, 0.07763819095477387, 0.07839195979899496, 0.07914572864321608, 0.07989949748743719, 0.08065326633165829, 0.0814070351758794, 0.0821608040201005, 0.0829145728643216, 0.0836683417085427, 0.08442211055276382, 0.08517587939698493, 0.08592964824120602, 0.08668341708542714, 0.08743718592964823, 0.08819095477386935, 0.08894472361809044, 0.08969849246231155, 0.09045226130653267, 0.09120603015075376, 0.09195979899497488, 0.09271356783919597, 0.09346733668341708, 0.09422110552763818, 0.0949748743718593, 0.09572864321608039, 0.0964824120603015, 0.09723618090452261, 0.09798994974874371, 0.09874371859296482, 0.09949748743718592, 0.10025125628140703, 0.10100502512562813, 0.10175879396984924, 0.10251256281407034, 0.10326633165829145, 0.10402010050251256, 0.10477386934673366, 0.10552763819095477, 0.10628140703517587, 0.10703517587939698, 0.10778894472361808, 0.10854271356783919, 0.1092964824120603, 0.1100502512562814, 0.11080402010050251, 0.11155778894472361, 0.11231155778894472, 0.11306532663316582, 0.11381909547738693, 0.11457286432160804, 0.11532663316582914, 0.11608040201005025, 0.11683417085427135, 0.11758793969849246, 0.11834170854271356, 0.11909547738693467, 0.11984924623115577, 0.12060301507537688, 0.12135678391959799, 0.12211055276381909, 0.1228643216080402, 0.1236180904522613, 0.12437185929648241, 0.12512562814070352, 0.12587939698492462, 0.12663316582914572, 0.12738693467336684, 0.12814070351758794, 0.12889447236180904, 0.12964824120603013, 0.13040201005025126, 0.13115577889447236, 0.13190954773869346, 0.13266331658291458, 0.13341708542713568, 0.13417085427135678, 0.13492462311557787, 0.135678391959799, 0.1364321608040201, 0.1371859296482412, 0.1379396984924623, 0.13869346733668342, 0.13944723618090452, 0.1402010050251256, 0.14095477386934674, 0.14170854271356784, 0.14246231155778893, 0.14321608040201003, 0.14396984924623116, 0.14472361809045226, 0.14547738693467335, 0.14623115577889448, 0.14698492462311558, 0.14773869346733667, 0.14849246231155777, 0.1492462311557789, 0.15],