{
  "rl": {
    "DQN": [
      {
        "seed": 0,
        "timesteps": [
          5000,
          10000,
          15000,
          20000,
          25000,
          30000,
          35000,
          40000,
          45000,
          50000,
          55000,
          60000,
          65000,
          70000,
          75000,
          80000,
          85000,
          90000,
          95000,
          100000
        ],
        "mean_rewards": [
          -35.85704968888889,
          -164.88224964444444,
          -168.2785335111111,
          -168.2785335111111,
          -6.89293025,
          -6.89293025,
          -6.89293025,
          -6.89293025,
          -6.89293025,
          -6.319545913888889,
          -6.319545913888889,
          -6.319545913888889,
          -6.291322015277777,
          -4.6086790125,
          -4.586931127777778,
          -4.631042084722222,
          -8.595435581944445,
          -8.621405577777779,
          -4.586709759722222,
          -4.586709759722222
        ],
        "final_eval_reward": -4.586709759951949
      },
      {
        "seed": 1,
        "timesteps": [
          5000,
          10000,
          15000,
          20000,
          25000,
          30000,
          35000,
          40000,
          45000,
          50000,
          55000,
          60000,
          65000,
          70000,
          75000,
          80000,
          85000,
          90000,
          95000,
          100000
        ],
        "mean_rewards": [
          -8.6486338625,
          -37.98383727222222,
          -168.2785335111111,
          -163.40805482083334,
          -6.89293025,
          -6.319545913888889,
          -11.352203252777777,
          -11.352203252777777,
          -12.658074855555554,
          -13.776504266666667,
          -8.858921230555556,
          -8.903616609722222,
          -6.207503611111112,
          -4.607929915277778,
          -5.153256701388889,
          -4.609045708333333,
          -4.607929915277778,
          -4.607929915277778,
          -4.586036481944445,
          -4.586036481944445
        ],
        "final_eval_reward": -4.586036481751309
      },
      {
        "seed": 2,
        "timesteps": [
          5000,
          10000,
          15000,
          20000,
          25000,
          30000,
          35000,
          40000,
          45000,
          50000,
          55000,
          60000,
          65000,
          70000,
          75000,
          80000,
          85000,
          90000,
          95000,
          100000
        ],
        "mean_rewards": [
          -172.11058477638892,
          -168.2785335111111,
          -168.2785335111111,
          -168.2785335111111,
          -6.89293025,
          -6.89293025,
          -6.89293025,
          -6.89293025,
          -6.89293025,
          -6.89293025,
          -6.319545913888889,
          -12.402190283333335,
          -6.988777583333333,
          -6.9873753416666675,
          -8.761488490277777,
          -8.761488490277777,
          -6.223971416666667,
          -6.901023119444445,
          -5.602470731944445,
          -6.202216855555556
        ],
        "final_eval_reward": -6.202216855347295
      },
      {
        "seed": 3,
        "timesteps": [
          5000,
          10000,
          15000,
          20000,
          25000,
          30000,
          35000,
          40000,
          45000,
          50000,
          55000,
          60000,
          65000,
          70000,
          75000,
          80000,
          85000,
          90000,
          95000,
          100000
        ],
        "mean_rewards": [
          -6.940665926388889,
          -17.262993634722225,
          -14.162386027777776,
          -168.2785335111111,
          -6.89293025,
          -6.89293025,
          -6.89293025,
          -6.89293025,
          -6.322268308333333,
          -11.352203252777777,
          -11.352203252777777,
          -11.314817465277779,
          -4.6088598097222215,
          -4.6088598097222215,
          -6.809271774999999,
          -6.810938427777777,
          -8.596332345833334,
          -8.616627883333333,
          -5.625050233333334,
          -6.201989225
        ],
        "final_eval_reward": -6.201989225094866
      },
      {
        "seed": 4,
        "timesteps": [
          5000,
          10000,
          15000,
          20000,
          25000,
          30000,
          35000,
          40000,
          45000,
          50000,
          55000,
          60000,
          65000,
          70000,
          75000,
          80000,
          85000,
          90000,
          95000,
          100000
        ],
        "mean_rewards": [
          -38.444948383333326,
          -168.2785335111111,
          -168.2785335111111,
          -168.2785335111111,
          -6.89293025,
          -6.89293025,
          -6.89293025,
          -6.89293025,
          -6.291322015277777,
          -11.371769711111112,
          -8.436546700000001,
          -8.394750276388889,
          -4.6108911374999995,
          -4.6108911374999995,
          -4.586709759722222,
          -4.586709759722222,
          -4.586709759722222,
          -4.5881506125,
          -4.589703477777777,
          -4.589703477777777
        ],
        "final_eval_reward": -4.589703478421384
      }
    ],
    "PPO": [
      {
        "seed": 0,
        "timesteps": [
          5000,
          10000,
          15000,
          20000,
          25000,
          30000,
          35000,
          40000,
          45000,
          50000,
          55000,
          60000,
          65000,
          70000,
          75000,
          80000,
          85000,
          90000,
          95000,
          100000
        ],
        "mean_rewards": [
          -168.2785335111111,
          -168.2785335111111,
          -168.2785335111111,
          -168.2785335111111,
          -168.2785335111111,
          -6.89293025,
          -6.89293025,
          -6.89293025,
          -6.89293025,
          -6.89293025,
          -6.89293025,
          -6.89293025,
          -6.89293025,
          -6.89293025,
          -6.89293025,
          -6.89293025,
          -6.89293025,
          -6.89293025,
          -6.89293025,
          -6.89293025
        ],
        "final_eval_reward": -6.892930250451029
      },
      {
        "seed": 1,
        "timesteps": [
          5000,
          10000,
          15000,
          20000,
          25000,
          30000,
          35000,
          40000,
          45000,
          50000,
          55000,
          60000,
          65000,
          70000,
          75000,
          80000,
          85000,
          90000,
          95000,
          100000
        ],
        "mean_rewards": [
          -168.2785335111111,
          -168.2785335111111,
          -168.2785335111111,
          -168.2785335111111,
          -168.2785335111111,
          -39.897563515277774,
          -38.241527615277775,
          -6.89293025,
          -6.89293025,
          -6.89293025,
          -6.89293025,
          -6.89293025,
          -6.89293025,
          -6.89293025,
          -6.89293025,
          -6.89293025,
          -6.89293025,
          -6.89293025,
          -6.89293025,
          -6.89293025
        ],
        "final_eval_reward": -6.892930250451029
      },
      {
        "seed": 2,
        "timesteps": [
          5000,
          10000,
          15000,
          20000,
          25000,
          30000,
          35000,
          40000,
          45000,
          50000,
          55000,
          60000,
          65000,
          70000,
          75000,
          80000,
          85000,
          90000,
          95000,
          100000
        ],