{
  "baselines": {
    "FixedTime": {
      "avg_reward": -13.936176196996437,
      "avg_throughput": 3539.776903681793,
      "avg_delay": 0.6705032625839475
    },
    "MaxPressure": {
      "avg_reward": -24.604149915913602,
      "avg_throughput": 3531.379057786626,
      "avg_delay": 1.093801853725143
    }
  },
  "rl": {
    "DQN": [
      {
        "seed": 0,
        "timesteps": [
          2000,
          4000,
          6000,
          8000,
          10000,
          12000,
          14000,
          16000,
          18000,
          20000,
          22000,
          24000,
          26000,
          28000,
          30000,
          32000,
          34000,
          36000,
          38000,
          40000,
          42000,
          44000,
          46000,
          48000,
          50000,
          52000,
          54000,
          56000,
          58000,
          60000,
          62000,
          64000,
          66000,
          68000,
          70000,
          72000,
          74000,
          76000,
          78000,
          80000,
          82000,
          84000,
          86000,
          88000,
          90000,
          92000,
          94000,
          96000,
          98000,
          100000
        ],
        "mean_rewards": [
          -123919.62103900002,
          -123919.62103900002,
          -18842.362836,
          -119930.75880799998,
          -118715.219744,
          -121160.544128,
          -8113.62613,
          -121160.544128,
          -121160.544128,
          -121160.544128,
          -4962.90978,
          -4962.90978,
          -4962.90978,
          -4962.90978,
          -4962.90978,
          -4962.90978,
          -4962.90978,
          -4962.90978,
          -4962.90978,
          -4962.90978,
          -4962.90978,
          -4962.90978,
          -4962.90978,
          -4550.073058,
          -4550.073058,
          -4550.073058,
          -4550.073058,
          -4550.073058,
          -4550.073058,
          -4550.073058,
          -4550.073058,
          -4550.073058,
          -4511.725695,
          -3929.630524,
          -3318.248889,
          -3301.9462670000003,
          -3302.590412,
          -3334.350301,
          -3710.344825,
          -3334.350301,
          -6188.713619,
          -6188.713619,
          -6188.713619,
          -6188.713619,
          -6207.412016,
          -3302.1164899999994,
          -3302.431027,
          -3302.431027,
          -3302.431027,
          -3302.431027
        ],
        "std_rewards": [
          1.4551915228366852e-11,
          1.4551915228366852e-11,
          0.0,
          1.4551915228366852e-11,
          0.0,
          0.0,
          0.0,
          0.0,
          0.0,
          0.0,
          0.0,
          0.0,
          0.0,
          0.0,
          0.0,
          0.0,
          0.0,
          0.0,
          0.0,
          0.0,
          0.0,
          0.0,
          0.0,
          0.0,
          0.0,
          0.0,
          0.0,
          0.0,
          0.0,
          0.0,
          0.0,
          0.0,
          0.0,
          0.0,
          0.0,
          4.547473508864641e-13,
          0.0,
          0.0,
          0.0,
          0.0,
          0.0,
          0.0,
          0.0,
          0.0,
          0.0,
          4.547473508864641e-13,
          0.0,
          0.0,
          0.0,
          0.0
        ],
        "final_reward": -3302.431027,
        "final_eval": {
          "avg_reward": -4.586709759951949,
          "avg_throughput": 3542.369369426228
        }
      },
      {
        "seed": 1,
        "timesteps": [
          2000,
          4000,
          6000,
          8000,
          10000,
          12000,
          14000,
          16000,
          18000,
          20000,
          22000,
          24000,
          26000,
          28000,
          30000,
          32000,
          34000,
          36000,
          38000,
          40000,
          42000,
          44000,
          46000,
          48000,
          50000,
          52000,
          54000,
          56000,
          58000,
          60000,
          62000,
          64000,
          66000,
          68000,
          70000,
          72000,
          74000,
          76000,
          78000,
          80000,
          82000,
          84000,
          86000,
          88000,
          90000,
          92000,
          94000,
          96000,
          98000,
          100000
        ],
        "mean_rewards": [
          -123919.62103900002,
          -123919.62103900002,
          -23102.362836,
          -25230.362836,
          -27348.362835999997,
          -24444.466729,
          -121160.544128,
          -121160.544128,
          -121160.544128,
          -117653.799471,
          -4962.90978,
          -4962.90978,
          -4962.90978,
          -4962.90978,
          -4550.073058,
          -8173.586342,
          -8173.586342,
          -8173.586342,
          -8173.586342,
          -8173.586342,
          -8173.586342,
          -8173.586342,
          -9933.182064,
          -9919.083072,
          -9919.083072,
          -6274.36541,
          -6306.4427,
          -6390.29252,
          -6410.603959,
          -6410.603959,
          -4303.279293,
          -4456.080274,
          -4456.080274,
          -3317.7095390000004,
          -3317.7095390000004,
          -3931.346698,
          -3913.563661,
          -3710.344825,
          -3318.51291,
          -3318.51291,
          -3318.51291,
          -3317.7095390000004,
          -3317.7095390000004,
          -3317.7095390000004,
          -3317.7095390000004,
          -3301.9462670000003,
          -3301.9462670000003,
          -3301.9462670000003,
          -3301.9462670000003,
          -3301.9462670000003
        ],
        "std_rewards": [
          1.4551915228366852e-11,
          1.4551915228366852e-11,
          0.0,
          0.0,
          3.637978807091713e-12,
          0.0,
          0.0,
          0.0,
          0.0,
          0.0,
          0.0,
          0.0,
          0.0,
          0.0,
          0.0,
          0.0,
          0.0,
          0.0,
          0.0,
          0.0,
          0.0,
          0.0,
          0.0,
          0.0,
          0.0,
          0.0,
          0.0,
          0.0,
          0.0,
          0.0,
          0.0,
          0.0,
          0.0,
          4.547473508864641e-13,
          4.547473508864641e-13,
          0.0,
          0.0,
          0.0,
          0.0,
          0.0,
          0.0,
          4.547473508864641e-13,
          4.547473508864641e-13,
          4.547473508864641e-13,
          4.547473508864641e-13,
          4.547473508864641e-13,
          4.547473508864641e-13,
          4.547473508864641e-13,
          4.547473508864641e-13,
          4.547473508864641e-13
        ],
        "final_reward": -3301.9462670000003,
        "final_eval": {
          "avg_reward": -4.586036481751309,
          "avg_throughput": 3542.009564943851
        }
      },
      {
        "seed": 2,
        "timesteps": [
          2000,
          4000,
          6000,
          8000,
          10000,
          12000,
          14000,
          16000,
          18000,
          20000,
          22000,
          24000,
          26000,
          28000,
          30000,
          32000,
          34000,
          36000,
          38000,
          40000,
          42000,
          44000,
          46000,
          48000,
          50000,
          52000,
          54000,
          56000,
          58000,
          60000,
          62000,
          64000,
          66000,
          68000,
          70000,
          72000,
          74000,
          76000,
          78000,
          80000,
          82000,
          84000,
          86000,
          88000,
          90000,
          92000,
          94000,
          96000,
          98000,
          100000
        ],